--
-- PostgreSQL database dump
--

-- Dumped from database version 12.9 (Ubuntu 12.9-2.pgdg20.04+1)
-- Dumped by pg_dump version 12.9 (Ubuntu 12.9-2.pgdg20.04+1)

SET statement_timeout = 0;
SET lock_timeout = 0;
SET idle_in_transaction_session_timeout = 0;
SET client_encoding = 'UTF8';
SET standard_conforming_strings = on;
SELECT pg_catalog.set_config('search_path', '', false);
SET check_function_bodies = false;
SET xmloption = content;
SET client_min_messages = warning;
SET row_security = off;

DROP DATABASE universe;
--
-- Name: universe; Type: DATABASE; Schema: -; Owner: freecodecamp
--

CREATE DATABASE universe WITH TEMPLATE = template0 ENCODING = 'UTF8' LC_COLLATE = 'C.UTF-8' LC_CTYPE = 'C.UTF-8';


ALTER DATABASE universe OWNER TO freecodecamp;

\connect universe

SET statement_timeout = 0;
SET lock_timeout = 0;
SET idle_in_transaction_session_timeout = 0;
SET client_encoding = 'UTF8';
SET standard_conforming_strings = on;
SELECT pg_catalog.set_config('search_path', '', false);
SET check_function_bodies = false;
SET xmloption = content;
SET client_min_messages = warning;
SET row_security = off;

SET default_tablespace = '';

SET default_table_access_method = heap;

--
-- Name: galaxy; Type: TABLE; Schema: public; Owner: freecodecamp
--

CREATE TABLE public.galaxy (
    galaxy_id integer NOT NULL,
    name character varying(32) NOT NULL,
    description text,
    galaxy_type_id integer NOT NULL,
    size_in_kpc numeric(6,3),
    number_of_stars_in_millions integer
);


ALTER TABLE public.galaxy OWNER TO freecodecamp;

--
-- Name: galaxy_galaxy_id_seq; Type: SEQUENCE; Schema: public; Owner: freecodecamp
--

CREATE SEQUENCE public.galaxy_galaxy_id_seq
    AS integer
    START WITH 1
    INCREMENT BY 1
    NO MINVALUE
    NO MAXVALUE
    CACHE 1;


ALTER TABLE public.galaxy_galaxy_id_seq OWNER TO freecodecamp;

--
-- Name: galaxy_galaxy_id_seq; Type: SEQUENCE OWNED BY; Schema: public; Owner: freecodecamp
--

ALTER SEQUENCE public.galaxy_galaxy_id_seq OWNED BY public.galaxy.galaxy_id;


--
-- Name: galaxy_type; Type: TABLE; Schema: public; Owner: freecodecamp
--

CREATE TABLE public.galaxy_type (
    galaxy_type_id integer NOT NULL,
    name character varying(32) NOT NULL,
    description text
);


ALTER TABLE public.galaxy_type OWNER TO freecodecamp;

--
-- Name: galaxy_type_galaxy_type_id_seq; Type: SEQUENCE; Schema: public; Owner: freecodecamp
--

CREATE SEQUENCE public.galaxy_type_galaxy_type_id_seq
    AS integer
    START WITH 1
    INCREMENT BY 1
    NO MINVALUE
    NO MAXVALUE
    CACHE 1;


ALTER TABLE public.galaxy_type_galaxy_type_id_seq OWNER TO freecodecamp;

--
-- Name: galaxy_type_galaxy_type_id_seq; Type: SEQUENCE OWNED BY; Schema: public; Owner: freecodecamp
--

ALTER SEQUENCE public.galaxy_type_galaxy_type_id_seq OWNED BY public.galaxy_type.galaxy_type_id;


--
-- Name: moon; Type: TABLE; Schema: public; Owner: freecodecamp
--

CREATE TABLE public.moon (
    moon_id integer NOT NULL,
    name character varying(32) NOT NULL,
    description text,
    is_spherical boolean NOT NULL,
    moon_type_id integer NOT NULL,
    planet_id integer NOT NULL
);


ALTER TABLE public.moon OWNER TO freecodecamp;

--
-- Name: moon_moon_id_seq; Type: SEQUENCE; Schema: public; Owner: freecodecamp
--

CREATE SEQUENCE public.moon_moon_id_seq
    AS integer
    START WITH 1
    INCREMENT BY 1
    NO MINVALUE
    NO MAXVALUE
    CACHE 1;


ALTER TABLE public.moon_moon_id_seq OWNER TO freecodecamp;

--
-- Name: moon_moon_id_seq; Type: SEQUENCE OWNED BY; Schema: public; Owner: freecodecamp
--

ALTER SEQUENCE public.moon_moon_id_seq OWNED BY public.moon.moon_id;


--
-- Name: moon_type; Type: TABLE; Schema: public; Owner: freecodecamp
--

CREATE TABLE public.moon_type (
    moon_type_id integer NOT NULL,
    name character varying(32) NOT NULL,
    description text
);


ALTER TABLE public.moon_type OWNER TO freecodecamp;

--
-- Name: moon_type_moon_type_id_seq; Type: SEQUENCE; Schema: public; Owner: freecodecamp
--

CREATE SEQUENCE public.moon_type_moon_type_id_seq
    AS integer
    START WITH 1
    INCREMENT BY 1
    NO MINVALUE
    NO MAXVALUE
    CACHE 1;


ALTER TABLE public.moon_type_moon_type_id_seq OWNER TO freecodecamp;

--
-- Name: moon_type_moon_type_id_seq; Type: SEQUENCE OWNED BY; Schema: public; Owner: freecodecamp
--

ALTER SEQUENCE public.moon_type_moon_type_id_seq OWNED BY public.moon_type.moon_type_id;


--
-- Name: planet; Type: TABLE; Schema: public; Owner: freecodecamp
--

CREATE TABLE public.planet (
    planet_id integer NOT NULL,
    name character varying(32) NOT NULL,
    description text,
    has_moons boolean,
    planet_type_id integer NOT NULL,
    star_id integer NOT NULL
);


ALTER TABLE public.planet OWNER TO freecodecamp;

--
-- Name: planet_planet_id_seq; Type: SEQUENCE; Schema: public; Owner: freecodecamp
--

CREATE SEQUENCE public.planet_planet_id_seq
    AS integer
    START WITH 1
    INCREMENT BY 1
    NO MINVALUE
    NO MAXVALUE
    CACHE 1;


ALTER TABLE public.planet_planet_id_seq OWNER TO freecodecamp;

--
-- Name: planet_planet_id_seq; Type: SEQUENCE OWNED BY; Schema: public; Owner: freecodecamp
--

ALTER SEQUENCE public.planet_planet_id_seq OWNED BY public.planet.planet_id;


--
-- Name: planet_type; Type: TABLE; Schema: public; Owner: freecodecamp
--

CREATE TABLE public.planet_type (
    planet_type_id integer NOT NULL,
    name character varying(32) NOT NULL,
    description text
);


ALTER TABLE public.planet_type OWNER TO freecodecamp;

--
-- Name: planet_type_planet_type_id_seq; Type: SEQUENCE; Schema: public; Owner: freecodecamp
--

CREATE SEQUENCE public.planet_type_planet_type_id_seq
    AS integer
    START WITH 1
    INCREMENT BY 1
    NO MINVALUE
    NO MAXVALUE
    CACHE 1;


ALTER TABLE public.planet_type_planet_type_id_seq OWNER TO freecodecamp;

--
-- Name: planet_type_planet_type_id_seq; Type: SEQUENCE OWNED BY; Schema: public; Owner: freecodecamp
--

ALTER SEQUENCE public.planet_type_planet_type_id_seq OWNED BY public.planet_type.planet_type_id;


--
-- Name: star; Type: TABLE; Schema: public; Owner: freecodecamp
--

CREATE TABLE public.star (
    star_id integer NOT NULL,
    name character varying(32) NOT NULL,
    description text,
    has_planets boolean,
    star_type_id integer NOT NULL,
    galaxy_id integer NOT NULL,
    age_in_billions_of_years numeric(3,1),
    distance_from_earth_in_au integer,
    solar_mass numeric(3,1)
);


ALTER TABLE public.star OWNER TO freecodecamp;

--
-- Name: star_star_id_seq; Type: SEQUENCE; Schema: public; Owner: freecodecamp
--

CREATE SEQUENCE public.star_star_id_seq
    AS integer
    START WITH 1
    INCREMENT BY 1
    NO MINVALUE
    NO MAXVALUE
    CACHE 1;


ALTER TABLE public.star_star_id_seq OWNER TO freecodecamp;

--
-- Name: star_star_id_seq; Type: SEQUENCE OWNED BY; Schema: public; Owner: freecodecamp
--

ALTER SEQUENCE public.star_star_id_seq OWNED BY public.star.star_id;


--
-- Name: star_type; Type: TABLE; Schema: public; Owner: freecodecamp
--

CREATE TABLE public.star_type (
    star_type_id integer NOT NULL,
    name character varying(32) NOT NULL,
    description text
);


ALTER TABLE public.star_type OWNER TO freecodecamp;

--
-- Name: star_type_star_type_id_seq; Type: SEQUENCE; Schema: public; Owner: freecodecamp
--

CREATE SEQUENCE public.star_type_star_type_id_seq
    AS integer
    START WITH 1
    INCREMENT BY 1
    NO MINVALUE
    NO MAXVALUE
    CACHE 1;


ALTER TABLE public.star_type_star_type_id_seq OWNER TO freecodecamp;

--
-- Name: star_type_star_type_id_seq; Type: SEQUENCE OWNED BY; Schema: public; Owner: freecodecamp
--

ALTER SEQUENCE public.star_type_star_type_id_seq OWNED BY public.star_type.star_type_id;


--
-- Name: galaxy galaxy_id; Type: DEFAULT; Schema: public; Owner: freecodecamp
--

ALTER TABLE ONLY public.galaxy ALTER COLUMN galaxy_id SET DEFAULT nextval('public.galaxy_galaxy_id_seq'::regclass);


--
-- Name: galaxy_type galaxy_type_id; Type: DEFAULT; Schema: public; Owner: freecodecamp
--

ALTER TABLE ONLY public.galaxy_type ALTER COLUMN galaxy_type_id SET DEFAULT nextval('public.galaxy_type_galaxy_type_id_seq'::regclass);


--
-- Name: moon moon_id; Type: DEFAULT; Schema: public; Owner: freecodecamp
--

ALTER TABLE ONLY public.moon ALTER COLUMN moon_id SET DEFAULT nextval('public.moon_moon_id_seq'::regclass);


--
-- Name: moon_type moon_type_id; Type: DEFAULT; Schema: public; Owner: freecodecamp
--

ALTER TABLE ONLY public.moon_type ALTER COLUMN moon_type_id SET DEFAULT nextval('public.moon_type_moon_type_id_seq'::regclass);


--
-- Name: planet planet_id; Type: DEFAULT; Schema: public; Owner: freecodecamp
--

ALTER TABLE ONLY public.planet ALTER COLUMN planet_id SET DEFAULT nextval('public.planet_planet_id_seq'::regclass);


--
-- Name: planet_type planet_type_id; Type: DEFAULT; Schema: public; Owner: freecodecamp
--

ALTER TABLE ONLY public.planet_type ALTER COLUMN planet_type_id SET DEFAULT nextval('public.planet_type_planet_type_id_seq'::regclass);


--
-- Name: star star_id; Type: DEFAULT; Schema: public; Owner: freecodecamp
--

ALTER TABLE ONLY public.star ALTER COLUMN star_id SET DEFAULT nextval('public.star_star_id_seq'::regclass);


--
-- Name: star_type star_type_id; Type: DEFAULT; Schema: public; Owner: freecodecamp
--

ALTER TABLE ONLY public.star_type ALTER COLUMN star_type_id SET DEFAULT nextval('public.star_type_star_type_id_seq'::regclass);


--
-- Data for Name: galaxy; Type: TABLE DATA; Schema: public; Owner: freecodecamp
--

INSERT INTO public.galaxy VALUES (1, 'Milkyway', NULL, 1, NULL, NULL);
INSERT INTO public.galaxy VALUES (2, 'Andromeda', NULL, 1, NULL, NULL);
INSERT INTO public.galaxy VALUES (3, 'Antennae', NULL, 3, NULL, NULL);
INSERT INTO public.galaxy VALUES (4, 'Backward', NULL, 1, NULL, NULL);
INSERT INTO public.galaxy VALUES (5, 'Black Eye', NULL, 1, NULL, NULL);
INSERT INTO public.galaxy VALUES (6, 'Condor', NULL, 1, NULL, NULL);


--
-- Data for Name: galaxy_type; Type: TABLE DATA; Schema: public; Owner: freecodecamp
--

INSERT INTO public.galaxy_type VALUES (1, 'Spiral', 'Spiral galasies can be recognized by their wide, flat disk of rotating gas adn dust.');
INSERT INTO public.galaxy_type VALUES (2, 'Elliptical', 'Elliptical galaxies are given their name because of their oblong shape and lack of overall structure.');
INSERT INTO public.galaxy_type VALUES (3, 'Peculiar', 'Peculiar galaxies are almost always the result of galactic collisions.');
INSERT INTO public.galaxy_type VALUES (4, 'Irregular', 'Irregular galaxies are galaxies that do not fall under any of the other three galaxy types.');


--
-- Data for Name: moon; Type: TABLE DATA; Schema: public; Owner: freecodecamp
--

INSERT INTO public.moon VALUES (1, 'Moon', NULL, true, 1, 1);
INSERT INTO public.moon VALUES (2, 'Phobos', NULL, true, 2, 11);
INSERT INTO public.moon VALUES (3, 'Deimos', NULL, true, 2, 11);
INSERT INTO public.moon VALUES (4, 'Callisto', NULL, true, 3, 12);
INSERT INTO public.moon VALUES (5, 'Dia', NULL, true, 3, 12);
INSERT INTO public.moon VALUES (6, 'Europa', NULL, true, 3, 12);
INSERT INTO public.moon VALUES (7, 'Ganymede', NULL, true, 3, 12);
INSERT INTO public.moon VALUES (8, 'Io', NULL, true, 3, 12);
INSERT INTO public.moon VALUES (9, 'Enceladus', NULL, true, 4, 13);
INSERT INTO public.moon VALUES (10, 'Titan', NULL, true, 4, 13);
INSERT INTO public.moon VALUES (11, 'Dione', NULL, true, 4, 13);
INSERT INTO public.moon VALUES (12, 'Atlas', NULL, false, 4, 13);
INSERT INTO public.moon VALUES (13, 'Epimetheus', NULL, false, 4, 13);
INSERT INTO public.moon VALUES (14, 'Helene', NULL, false, 4, 13);
INSERT INTO public.moon VALUES (15, 'Hyperion', NULL, false, 4, 13);
INSERT INTO public.moon VALUES (16, 'Lapetus', NULL, true, 4, 13);
INSERT INTO public.moon VALUES (17, 'Janus', NULL, true, 4, 13);
INSERT INTO public.moon VALUES (18, 'Mimas', NULL, true, 4, 13);
INSERT INTO public.moon VALUES (19, 'Methone', NULL, true, 4, 13);
INSERT INTO public.moon VALUES (20, 'Pandora', NULL, true, 4, 13);


--
-- Data for Name: moon_type; Type: TABLE DATA; Schema: public; Owner: freecodecamp
--

INSERT INTO public.moon_type VALUES (1, 'Earth''s moon', NULL);
INSERT INTO public.moon_type VALUES (2, 'Mars moons', NULL);
INSERT INTO public.moon_type VALUES (3, 'Jupiter moons', NULL);
INSERT INTO public.moon_type VALUES (4, 'Saturn moons', NULL);
INSERT INTO public.moon_type VALUES (5, 'Uranus moons', NULL);
INSERT INTO public.moon_type VALUES (6, 'Neptune moons', NULL);
INSERT INTO public.moon_type VALUES (7, 'Pluto moons', NULL);


--
-- Data for Name: planet; Type: TABLE DATA; Schema: public; Owner: freecodecamp
--

INSERT INTO public.planet VALUES (1, 'Earth', NULL, NULL, 1, 1);
INSERT INTO public.planet VALUES (2, 'Ceres', NULL, NULL, 9, 1);
INSERT INTO public.planet VALUES (3, 'Orcus', NULL, NULL, 9, 1);
INSERT INTO public.planet VALUES (4, 'Pluto', NULL, NULL, 9, 1);
INSERT INTO public.planet VALUES (5, 'Haumea', NULL, NULL, 9, 1);
INSERT INTO public.planet VALUES (6, 'Quaoar', NULL, NULL, 9, 1);
INSERT INTO public.planet VALUES (7, 'makemake', NULL, NULL, 9, 1);
INSERT INTO public.planet VALUES (8, 'Gonggong', NULL, NULL, 9, 1);
INSERT INTO public.planet VALUES (9, 'Mercury', NULL, NULL, 1, 1);
INSERT INTO public.planet VALUES (10, 'Venus', NULL, NULL, 1, 1);
INSERT INTO public.planet VALUES (11, 'Mars', NULL, NULL, 1, 1);
INSERT INTO public.planet VALUES (12, 'Jupiter', NULL, NULL, 2, 1);
INSERT INTO public.planet VALUES (13, 'Saturn', NULL, NULL, 2, 1);


--
-- Data for Name: planet_type; Type: TABLE DATA; Schema: public; Owner: freecodecamp
--

INSERT INTO public.planet_type VALUES (1, 'Terrestrial', NULL);
INSERT INTO public.planet_type VALUES (2, 'Gas giant', NULL);
INSERT INTO public.planet_type VALUES (3, 'Silicate', NULL);
INSERT INTO public.planet_type VALUES (4, 'Puffy', NULL);
INSERT INTO public.planet_type VALUES (5, 'Protoplanet', NULL);
INSERT INTO public.planet_type VALUES (6, 'Ice giant', NULL);
INSERT INTO public.planet_type VALUES (7, 'Gas dwarf', NULL);
INSERT INTO public.planet_type VALUES (8, 'Exoplanet', NULL);
INSERT INTO public.planet_type VALUES (9, 'Dwarf', NULL);


--
-- Data for Name: star; Type: TABLE DATA; Schema: public; Owner: freecodecamp
--

INSERT INTO public.star VALUES (1, 'Sun', NULL, true, 1, 1, 4.6, 1, 1.0);
INSERT INTO public.star VALUES (2, 'Proxima Centauri', NULL, true, 3, 1, 4.9, 268553, 0.1);
INSERT INTO public.star VALUES (3, 'Alpha Centauri A', NULL, true, 1, 1, 6.0, 268553, 1.1);
INSERT INTO public.star VALUES (4, 'Alpha Centauri B', NULL, false, 1, 1, 6.0, 268553, 0.9);
INSERT INTO public.star VALUES (5, 'Bernarrd''s Star', NULL, true, 3, 1, 10.0, 376916, 0.1);
INSERT INTO public.star VALUES (6, 'Sirius A', NULL, false, 1, 1, 0.1, 543873, 2.1);
INSERT INTO public.star VALUES (7, 'Sirius B', NULL, false, 1, 1, 0.1, 543873, 1.0);


--
-- Data for Name: star_type; Type: TABLE DATA; Schema: public; Owner: freecodecamp
--

INSERT INTO public.star_type VALUES (1, 'Solar type', 'A solar type star has about the same mass as our Sun');
INSERT INTO public.star_type VALUES (2, 'Hot Blue', 'Stars which are much more massive than our Sun');
INSERT INTO public.star_type VALUES (3, 'Red Dwarf', 'Stars which are much less massive than our Sun');
INSERT INTO public.star_type VALUES (4, 'Red Giant', NULL);
INSERT INTO public.star_type VALUES (5, 'White Dwarf', NULL);
INSERT INTO public.star_type VALUES (6, 'Neutron Star', NULL);
INSERT INTO public.star_type VALUES (7, 'Black Hole', NULL);


--
-- Name: galaxy_galaxy_id_seq; Type: SEQUENCE SET; Schema: public; Owner: freecodecamp
--

SELECT pg_catalog.setval('public.galaxy_galaxy_id_seq', 6, true);


--
-- Name: galaxy_type_galaxy_type_id_seq; Type: SEQUENCE SET; Schema: public; Owner: freecodecamp
--

SELECT pg_catalog.setval('public.galaxy_type_galaxy_type_id_seq', 4, true);


--
-- Name: moon_moon_id_seq; Type: SEQUENCE SET; Schema: public; Owner: freecodecamp
--

SELECT pg_catalog.setval('public.moon_moon_id_seq', 20, true);


--
-- Name: moon_type_moon_type_id_seq; Type: SEQUENCE SET; Schema: public; Owner: freecodecamp
--

SELECT pg_catalog.setval('public.moon_type_moon_type_id_seq', 7, true);


--
-- Name: planet_planet_id_seq; Type: SEQUENCE SET; Schema: public; Owner: freecodecamp
--

SELECT pg_catalog.setval('public.planet_planet_id_seq', 13, true);


--
-- Name: planet_type_planet_type_id_seq; Type: SEQUENCE SET; Schema: public; Owner: freecodecamp
--

SELECT pg_catalog.setval('public.planet_type_planet_type_id_seq', 9, true);


--
-- Name: star_star_id_seq; Type: SEQUENCE SET; Schema: public; Owner: freecodecamp
--

SELECT pg_catalog.setval('public.star_star_id_seq', 7, true);


--
-- Name: star_type_star_type_id_seq; Type: SEQUENCE SET; Schema: public; Owner: freecodecamp
--

SELECT pg_catalog.setval('public.star_type_star_type_id_seq', 7, true);


--
-- Name: galaxy galaxy_name_key; Type: CONSTRAINT; Schema: public; Owner: freecodecamp
--

ALTER TABLE ONLY public.galaxy
    ADD CONSTRAINT galaxy_name_key UNIQUE (name);


--
-- Name: galaxy galaxy_pkey; Type: CONSTRAINT; Schema: public; Owner: freecodecamp
--

ALTER TABLE ONLY public.galaxy
    ADD CONSTRAINT galaxy_pkey PRIMARY KEY (galaxy_id);


--
-- Name: galaxy_type galaxy_type_name_key; Type: CONSTRAINT; Schema: public; Owner: freecodecamp
--

ALTER TABLE ONLY public.galaxy_type
    ADD CONSTRAINT galaxy_type_name_key UNIQUE (name);


--
-- Name: galaxy_type galaxy_type_pkey; Type: CONSTRAINT; Schema: public; Owner: freecodecamp
--

ALTER TABLE ONLY public.galaxy_type
    ADD CONSTRAINT galaxy_type_pkey PRIMARY KEY (galaxy_type_id);


--
-- Name: moon moon_name_key; Type: CONSTRAINT; Schema: public; Owner: freecodecamp
--

ALTER TABLE ONLY public.moon
    ADD CONSTRAINT moon_name_key UNIQUE (name);


--
-- Name: moon moon_pkey; Type: CONSTRAINT; Schema: public; Owner: freecodecamp
--

ALTER TABLE ONLY public.moon
    ADD CONSTRAINT moon_pkey PRIMARY KEY (moon_id);


--
-- Name: moon_type moon_type_name_key; Type: CONSTRAINT; Schema: public; Owner: freecodecamp
--

ALTER TABLE ONLY public.moon_type
    ADD CONSTRAINT moon_type_name_key UNIQUE (name);


--
-- Name: moon_type moon_type_pkey; Type: CONSTRAINT; Schema: public; Owner: freecodecamp
--

ALTER TABLE ONLY public.moon_type
    ADD CONSTRAINT moon_type_pkey PRIMARY KEY (moon_type_id);


--
-- Name: planet planet_name_key; Type: CONSTRAINT; Schema: public; Owner: freecodecamp
--

ALTER TABLE ONLY public.planet
    ADD CONSTRAINT planet_name_key UNIQUE (name);


--
-- Name: planet planet_pkey; Type: CONSTRAINT; Schema: public; Owner: freecodecamp
--

ALTER TABLE ONLY public.planet
    ADD CONSTRAINT planet_pkey PRIMARY KEY (planet_id);


--
-- Name: planet_type planet_type_name_key; Type: CONSTRAINT; Schema: public; Owner: freecodecamp
--

ALTER TABLE ONLY public.planet_type
    ADD CONSTRAINT planet_type_name_key UNIQUE (name);


--
-- Name: planet_type planet_type_pkey; Type: CONSTRAINT; Schema: public; Owner: freecodecamp
--

ALTER TABLE ONLY public.planet_type
    ADD CONSTRAINT planet_type_pkey PRIMARY KEY (planet_type_id);


--
-- Name: star star_name_key; Type: CONSTRAINT; Schema: public; Owner: freecodecamp
--

ALTER TABLE ONLY public.star
    ADD CONSTRAINT star_name_key UNIQUE (name);


--
-- Name: star star_pkey; Type: CONSTRAINT; Schema: public; Owner: freecodecamp
--

ALTER TABLE ONLY public.star
    ADD CONSTRAINT star_pkey PRIMARY KEY (star_id);


--
-- Name: star_type star_type_name_key; Type: CONSTRAINT; Schema: public; Owner: freecodecamp
--

ALTER TABLE ONLY public.star_type
    ADD CONSTRAINT star_type_name_key UNIQUE (name);


--
-- Name: star_type star_type_pkey; Type: CONSTRAINT; Schema: public; Owner: freecodecamp
--

ALTER TABLE ONLY public.star_type
    ADD CONSTRAINT star_type_pkey PRIMARY KEY (star_type_id);


--
-- Name: galaxy galaxy_galaxy_type_id_fkey; Type: FK CONSTRAINT; Schema: public; Owner: freecodecamp
--

ALTER TABLE ONLY public.galaxy
    ADD CONSTRAINT galaxy_galaxy_type_id_fkey FOREIGN KEY (galaxy_type_id) REFERENCES public.galaxy_type(galaxy_type_id);


--
-- Name: moon moon_moon_type_id_fkey; Type: FK CONSTRAINT; Schema: public; Owner: freecodecamp
--

ALTER TABLE ONLY public.moon
    ADD CONSTRAINT moon_moon_type_id_fkey FOREIGN KEY (moon_type_id) REFERENCES public.moon_type(moon_type_id);


--
-- Name: moon moon_planet_id_fkey; Type: FK CONSTRAINT; Schema: public; Owner: freecodecamp
--

ALTER TABLE ONLY public.moon
    ADD CONSTRAINT moon_planet_id_fkey FOREIGN KEY (planet_id) REFERENCES public.planet(planet_id);


--
-- Name: planet planet_planet_type_id_fkey; Type: FK CONSTRAINT; Schema: public; Owner: freecodecamp
--

ALTER TABLE ONLY public.planet
    ADD CONSTRAINT planet_planet_type_id_fkey FOREIGN KEY (planet_type_id) REFERENCES public.planet_type(planet_type_id);


--
-- Name: planet planet_star_id_fkey; Type: FK CONSTRAINT; Schema: public; Owner: freecodecamp
--

ALTER TABLE ONLY public.planet
    ADD CONSTRAINT planet_star_id_fkey FOREIGN KEY (star_id) REFERENCES public.star(star_id);


--
-- Name: star star_galaxy_id_fkey; Type: FK CONSTRAINT; Schema: public; Owner: freecodecamp
--

ALTER TABLE ONLY public.star
    ADD CONSTRAINT star_galaxy_id_fkey FOREIGN KEY (galaxy_id) REFERENCES public.galaxy(galaxy_id);


--
-- Name: star star_star_type_id_fkey; Type: FK CONSTRAINT; Schema: public; Owner: freecodecamp
--

ALTER TABLE ONLY public.star
    ADD CONSTRAINT star_star_type_id_fkey FOREIGN KEY (star_type_id) REFERENCES public.star_type(star_type_id);


--
-- PostgreSQL database dump complete
--

